-- phpMyAdmin SQL Dump
-- version 5.2.1
-- https://www.phpmyadmin.net/
--
-- Host: 127.0.0.1
-- Generation Time: Oct 05, 2024 at 02:25 PM
-- Server version: 10.4.32-MariaDB
-- PHP Version: 8.2.12

SET SQL_MODE = "NO_AUTO_VALUE_ON_ZERO";
START TRANSACTION;
SET time_zone = "+00:00";


/*!40101 SET @OLD_CHARACTER_SET_CLIENT=@@CHARACTER_SET_CLIENT */;
/*!40101 SET @OLD_CHARACTER_SET_RESULTS=@@CHARACTER_SET_RESULTS */;
/*!40101 SET @OLD_COLLATION_CONNECTION=@@COLLATION_CONNECTION */;
/*!40101 SET NAMES utf8mb4 */;

--
-- Database: `tweetphp`
--

-- --------------------------------------------------------

--
-- Table structure for table `comments`
--

CREATE TABLE `comments` (
  `id` int(11) NOT NULL,
  `comment` varchar(140) NOT NULL,
  `user_id` int(11) NOT NULL,
  `post_id` int(11) NOT NULL,
  `time` datetime NOT NULL
) ENGINE=InnoDB DEFAULT CHARSET=utf16 COLLATE=utf16_unicode_ci;

--
-- Dumping data for table `comments`
--

INSERT INTO `comments` (`id`, `comment`, `user_id`, `post_id`, `time`) VALUES
(49, 'hi', 61, 747, '2024-10-01 11:52:14');

-- --------------------------------------------------------

--
-- Table structure for table `follow`
--

CREATE TABLE `follow` (
  `id` int(11) NOT NULL,
  `follower_id` int(11) NOT NULL,
  `following_id` int(11) NOT NULL,
  `time` datetime NOT NULL
) ENGINE=InnoDB DEFAULT CHARSET=utf16 COLLATE=utf16_unicode_ci;

--
-- Dumping data for table `follow`
--

INSERT INTO `follow` (`id`, `follower_id`, `following_id`, `time`) VALUES
(207, 61, 62, '2024-10-01 12:01:52'),
(209, 62, 61, '2024-10-02 11:01:17');

-- --------------------------------------------------------

--
-- Table structure for table `likes`
--

CREATE TABLE `likes` (
  `id` int(11) NOT NULL,
  `user_id` int(11) NOT NULL,
  `post_id` int(11) NOT NULL
) ENGINE=InnoDB DEFAULT CHARSET=utf16 COLLATE=utf16_unicode_ci;

-- --------------------------------------------------------

--
-- Table structure for table `notifications`
--

CREATE TABLE `notifications` (
  `id` int(11) NOT NULL,
  `notify_for` int(11) NOT NULL,
  `notify_from` int(11) NOT NULL,
  `target` int(11) NOT NULL,
  `type` enum('follow','like','retweet','qoute','comment','reply','mention') NOT NULL,
  `time` datetime NOT NULL,
  `count` int(11) NOT NULL,
  `status` int(11) NOT NULL
) ENGINE=InnoDB DEFAULT CHARSET=utf16 COLLATE=utf16_unicode_ci;

--
-- Dumping data for table `notifications`
--

INSERT INTO `notifications` (`id`, `notify_for`, `notify_from`, `target`, `type`, `time`, `count`, `status`) VALUES
(258, 62, 61, 0, 'follow', '2024-10-01 12:01:52', 1, 0),
(260, 61, 62, 0, 'follow', '2024-10-02 11:01:17', 1, 0);

-- --------------------------------------------------------

--
-- Table structure for table `posts`
--

CREATE TABLE `posts` (
  `id` int(11) NOT NULL,
  `user_id` int(11) NOT NULL,
  `post_on` datetime NOT NULL
) ENGINE=InnoDB DEFAULT CHARSET=utf16 COLLATE=utf16_unicode_ci;

--
-- Dumping data for table `posts`
--

INSERT INTO `posts` (`id`, `user_id`, `post_on`) VALUES
(738, 61, '2024-09-27 09:32:02'),
(740, 61, '2024-09-28 17:24:08'),
(744, 61, '2024-09-28 20:09:08'),
(745, 61, '2024-09-29 17:10:33'),
(747, 61, '2024-10-01 11:51:55'),
(750, 62, '2024-10-01 12:02:28'),
(751, 61, '2024-10-01 12:10:14'),
(752, 62, '2024-10-01 12:23:31'),
(753, 61, '2024-10-02 11:10:56');

-- --------------------------------------------------------

--
-- Table structure for table `replies`
--

CREATE TABLE `replies` (
  `id` int(11) NOT NULL,
  `comment_id` int(11) NOT NULL,
  `user_id` int(11) NOT NULL,
  `reply` varchar(140) NOT NULL,
  `time` datetime NOT NULL
) ENGINE=InnoDB DEFAULT CHARSET=utf16 COLLATE=utf16_unicode_ci;

-- --------------------------------------------------------

--
-- Table structure for table `retweets`
--

CREATE TABLE `retweets` (
  `post_id` int(11) NOT NULL,
  `retweet_msg` varchar(140) DEFAULT NULL,
  `tweet_id` int(11) DEFAULT NULL,
  `retweet_id` int(11) DEFAULT NULL
) ENGINE=InnoDB DEFAULT CHARSET=utf16 COLLATE=utf16_unicode_ci;

-- --------------------------------------------------------

--
-- Table structure for table `trends`
--

CREATE TABLE `trends` (
  `id` int(11) NOT NULL,
  `hashtag` varchar(140) NOT NULL,
  `created_on` datetime NOT NULL
) ENGINE=InnoDB DEFAULT CHARSET=utf16 COLLATE=utf16_unicode_ci;

--
-- Dumping data for table `trends`
--

INSERT INTO `trends` (`id`, `hashtag`, `created_on`) VALUES
(1, 'php', '2021-01-06 05:57:43'),
(4, 'hi', '2021-01-25 21:42:35'),
(5, 'alex', '2021-01-25 21:42:36'),
(6, '7oda', '2021-03-20 23:40:12'),
(9, 'js', '2021-04-02 03:24:28'),
(12, 'bro', '2021-04-02 03:31:38'),
(13, 'mysql', '2022-01-13 16:10:54'),
(14, 'explore', '2022-01-13 16:10:54'),
(15, 'fun', '2022-01-13 16:10:54'),
(16, '039', '2024-09-29 01:07:00');

-- --------------------------------------------------------

--
-- Table structure for table `tweets`
--

CREATE TABLE `tweets` (
  `post_id` int(11) NOT NULL,
  `status` varchar(140) DEFAULT NULL,
  `img` text DEFAULT NULL
) ENGINE=InnoDB DEFAULT CHARSET=utf16 COLLATE=utf16_unicode_ci;

--
-- Dumping data for table `tweets`
--

INSERT INTO `tweets` (`post_id`, `status`, `img`) VALUES
(738, 'Hey there!', NULL),
(740, 'I’m still coding in the evening at 10:10 PM in the Philippines, and I’m so tired.', 'tweet-66f8118887813.jpg'),
(744, 'Its already 2 AM, and Im wondering when Ill fix these bugs.', 'tweet-66f83834ec8e9.jpg'),
(745, 'Im so done!\r\n\r\nLife Update: 4pm-10pm (No Progress) \r\n\r\nBugs Everywhere!', 'tweet-66f95fd9bb21e.jpg'),
(747, 'hello world hehe', NULL),
(750, 'Tomorrow will have an event! See you!', NULL),
(751, 'Im a cat', NULL),
(752, 'test', NULL),
(753, 'Hello There im a cat', NULL);

-- --------------------------------------------------------

--
-- Table structure for table `users`
--

CREATE TABLE `users` (
  `id` int(11) NOT NULL,
  `username` varchar(40) NOT NULL,
  `email` varchar(255) NOT NULL,
  `password` varchar(32) NOT NULL,
  `name` varchar(40) NOT NULL,
  `img` varchar(255) NOT NULL DEFAULT 'default.jpg',
  `imgCover` varchar(255) NOT NULL DEFAULT 'cover.png',
  `bio` varchar(140) NOT NULL DEFAULT '',
  `location` varchar(255) NOT NULL DEFAULT '',
  `website` varchar(255) NOT NULL DEFAULT '',
  `role` int(1) NOT NULL DEFAULT 1,
  `status` int(1) NOT NULL DEFAULT 1
) ENGINE=InnoDB DEFAULT CHARSET=utf16 COLLATE=utf16_unicode_ci;

--
-- Dumping data for table `users`
--

INSERT INTO `users` (`id`, `username`, `email`, `password`, `name`, `img`, `imgCover`, `bio`, `location`, `website`, `role`, `status`) VALUES
(1, 'Kyaa', 'kyaamystera@gmail.com', '827ccb0eea8a706c4c34a16891f84e7b', 'Kyaa', 'default.jpg', 'cover.png', '', '', '', 1, 1),
(61, 'Asnari', 'asnaripacalna@gmail.com', '827ccb0eea8a706c4c34a16891f84e7b', 'Asnari Pacalna', 'user-66fbb33cccd6e.jpg', 'user-66f80a23be4c1.jpg', '', '', 'https://github.com/Kyaa-A', 1, 1),
(62, 'admin', 'admin@gmail.com', '827ccb0eea8a706c4c34a16891f84e7b', 'Admin', 'user-66fbbb8b918fa.jpg', 'user-66fbbc5c6453f.png', '', '', '', 2, 1);

--
-- Indexes for dumped tables
--

--
-- Indexes for table `comments`
--
ALTER TABLE `comments`
  ADD PRIMARY KEY (`id`),
  ADD KEY `post_id` (`post_id`),
  ADD KEY `user_id` (`user_id`);

--
-- Indexes for table `follow`
--
ALTER TABLE `follow`
  ADD PRIMARY KEY (`id`),
  ADD KEY `follower_id` (`follower_id`),
  ADD KEY `following_id` (`following_id`);

--
-- Indexes for table `likes`
--
ALTER TABLE `likes`
  ADD PRIMARY KEY (`id`),
  ADD KEY `user_id` (`user_id`),
  ADD KEY `likes_ibfk_2` (`post_id`);

--
-- Indexes for table `notifications`
--
ALTER TABLE `notifications`
  ADD PRIMARY KEY (`id`),
  ADD KEY `notifications_ibfk_1` (`notify_for`),
  ADD KEY `notifications_ibfk_2` (`notify_from`);

--
-- Indexes for table `posts`
--
ALTER TABLE `posts`
  ADD PRIMARY KEY (`id`),
  ADD KEY `user_id` (`user_id`);

--
-- Indexes for table `replies`
--
ALTER TABLE `replies`
  ADD PRIMARY KEY (`id`),
  ADD KEY `comment_id` (`comment_id`),
  ADD KEY `user_id` (`user_id`);

--
-- Indexes for table `retweets`
--
ALTER TABLE `retweets`
  ADD PRIMARY KEY (`post_id`) USING BTREE,
  ADD KEY `retweet_id` (`retweet_id`),
  ADD KEY `retweets_ibfk_2` (`tweet_id`);

--
-- Indexes for table `trends`
--
ALTER TABLE `trends`
  ADD PRIMARY KEY (`id`),
  ADD UNIQUE KEY `hashtag` (`hashtag`);

--
-- Indexes for table `tweets`
--
ALTER TABLE `tweets`
  ADD PRIMARY KEY (`post_id`);

--
-- Indexes for table `users`
--
ALTER TABLE `users`
  ADD PRIMARY KEY (`id`);

--
-- AUTO_INCREMENT for dumped tables
--

--
-- AUTO_INCREMENT for table `comments`
--
ALTER TABLE `comments`
  MODIFY `id` int(11) NOT NULL AUTO_INCREMENT, AUTO_INCREMENT=50;

--
-- AUTO_INCREMENT for table `follow`
--
ALTER TABLE `follow`
  MODIFY `id` int(11) NOT NULL AUTO_INCREMENT, AUTO_INCREMENT=219;

--
-- AUTO_INCREMENT for table `likes`
--
ALTER TABLE `likes`
  MODIFY `id` int(11) NOT NULL AUTO_INCREMENT, AUTO_INCREMENT=325;

--
-- AUTO_INCREMENT for table `notifications`
--
ALTER TABLE `notifications`
  MODIFY `id` int(11) NOT NULL AUTO_INCREMENT, AUTO_INCREMENT=270;

--
-- AUTO_INCREMENT for table `posts`
--
ALTER TABLE `posts`
  MODIFY `id` int(11) NOT NULL AUTO_INCREMENT, AUTO_INCREMENT=754;

--
-- AUTO_INCREMENT for table `replies`
--
ALTER TABLE `replies`
  MODIFY `id` int(11) NOT NULL AUTO_INCREMENT, AUTO_INCREMENT=12;

--
-- AUTO_INCREMENT for table `trends`
--
ALTER TABLE `trends`
  MODIFY `id` int(11) NOT NULL AUTO_INCREMENT, AUTO_INCREMENT=17;

--
-- AUTO_INCREMENT for table `users`
--
ALTER TABLE `users`
  MODIFY `id` int(11) NOT NULL AUTO_INCREMENT, AUTO_INCREMENT=65;

--
-- Constraints for dumped tables
--

--
-- Constraints for table `comments`
--
ALTER TABLE `comments`
  ADD CONSTRAINT `comments_ibfk_1` FOREIGN KEY (`post_id`) REFERENCES `posts` (`id`) ON DELETE CASCADE ON UPDATE CASCADE,
  ADD CONSTRAINT `comments_ibfk_2` FOREIGN KEY (`user_id`) REFERENCES `users` (`id`) ON DELETE CASCADE ON UPDATE CASCADE;

--
-- Constraints for table `follow`
--
ALTER TABLE `follow`
  ADD CONSTRAINT `follow_ibfk_1` FOREIGN KEY (`follower_id`) REFERENCES `users` (`id`) ON DELETE CASCADE ON UPDATE CASCADE,
  ADD CONSTRAINT `follow_ibfk_2` FOREIGN KEY (`following_id`) REFERENCES `users` (`id`) ON DELETE CASCADE ON UPDATE CASCADE;

--
-- Constraints for table `likes`
--
ALTER TABLE `likes`
  ADD CONSTRAINT `likes_ibfk_1` FOREIGN KEY (`user_id`) REFERENCES `users` (`id`) ON DELETE CASCADE ON UPDATE CASCADE,
  ADD CONSTRAINT `likes_ibfk_2` FOREIGN KEY (`post_id`) REFERENCES `posts` (`id`) ON DELETE CASCADE ON UPDATE CASCADE;

--
-- Constraints for table `notifications`
--
ALTER TABLE `notifications`
  ADD CONSTRAINT `notifications_ibfk_1` FOREIGN KEY (`notify_for`) REFERENCES `users` (`id`) ON DELETE CASCADE ON UPDATE CASCADE,
  ADD CONSTRAINT `notifications_ibfk_2` FOREIGN KEY (`notify_from`) REFERENCES `users` (`id`) ON DELETE CASCADE ON UPDATE CASCADE;

--
-- Constraints for table `posts`
--
ALTER TABLE `posts`
  ADD CONSTRAINT `posts_ibfk_1` FOREIGN KEY (`user_id`) REFERENCES `users` (`id`) ON DELETE CASCADE ON UPDATE CASCADE;

--
-- Constraints for table `replies`
--
ALTER TABLE `replies`
  ADD CONSTRAINT `replies_ibfk_1` FOREIGN KEY (`comment_id`) REFERENCES `comments` (`id`) ON DELETE CASCADE ON UPDATE CASCADE,
  ADD CONSTRAINT `replies_ibfk_2` FOREIGN KEY (`user_id`) REFERENCES `users` (`id`) ON DELETE CASCADE ON UPDATE CASCADE;

--
-- Constraints for table `retweets`
--
ALTER TABLE `retweets`
  ADD CONSTRAINT `retweets_ibfk_1` FOREIGN KEY (`post_id`) REFERENCES `posts` (`id`) ON DELETE CASCADE ON UPDATE CASCADE,
  ADD CONSTRAINT `retweets_ibfk_2` FOREIGN KEY (`tweet_id`) REFERENCES `tweets` (`post_id`) ON DELETE CASCADE ON UPDATE CASCADE,
  ADD CONSTRAINT `retweets_ibfk_3` FOREIGN KEY (`retweet_id`) REFERENCES `retweets` (`post_id`) ON DELETE CASCADE ON UPDATE CASCADE;

--
-- Constraints for table `tweets`
--
ALTER TABLE `tweets`
  ADD CONSTRAINT `tweets_ibfk_1` FOREIGN KEY (`post_id`) REFERENCES `posts` (`id`) ON DELETE CASCADE ON UPDATE CASCADE;
COMMIT;

/*!40101 SET CHARACTER_SET_CLIENT=@OLD_CHARACTER_SET_CLIENT */;
/*!40101 SET CHARACTER_SET_RESULTS=@OLD_CHARACTER_SET_RESULTS */;
/*!40101 SET COLLATION_CONNECTION=@OLD_COLLATION_CONNECTION */;
